{
  "model": "BaselineFCN",
  "accuracy": 0.5831305758313058,
  "f1_weighted": 0.5371083505542198,
  "n_params": 271118,
  "training_seconds": 20.847887992858887,
  "report": {
    "15": {
      "precision": 0.4452054794520548,
      "recall": 0.5241935483870968,
      "f1-score": 0.48148148148148145,
      "support": 124.0
    },
    "16": {
      "precision": 0.6349206349206349,
      "recall": 0.8888888888888888,
      "f1-score": 0.7407407407407407,
      "support": 270.0
    },
    "42": {
      "precision": 0.4173441734417344,
      "recall": 0.4031413612565445,
      "f1-score": 0.41011984021304926,
      "support": 382.0
    },
    "52": {
      "precision": 0.0,
      "recall": 0.0,
      "f1-score": 0.0,
      "support": 63.0
    },
    "53": {
      "precision": 0.0,
      "recall": 0.0,
      "f1-score": 0.0,
      "support": 7.0
    },
    "6": {
      "precision": 0.0,
      "recall": 0.0,
      "f1-score": 0.0,
      "support": 35.0
    },
    "62": {
      "precision": 0.13636363636363635,
      "recall": 0.0196078431372549,
      "f1-score": 0.03428571428571429,
      "support": 153.0
    },
    "64": {
      "precision": 0.0,
      "recall": 0.0,
      "f1-score": 0.0,
      "support": 24.0
    },
    "65": {
      "precision": 0.6359223300970874,
      "recall": 0.8370607028753994,
      "f1-score": 0.7227586206896551,
      "support": 313.0
    },
    "67": {
      "precision": 0.0,
      "recall": 0.0,
      "f1-score": 0.0,
      "support": 68.0
    },
    "88": {
      "precision": 0.8787878787878788,
      "recall": 0.9586776859504132,
      "f1-score": 0.9169960474308301,
      "support": 121.0
    },
    "90": {
      "precision": 0.6193693693693694,
      "recall": 0.7078507078507078,
      "f1-score": 0.6606606606606606,
      "support": 777.0
    },
    "92": {
      "precision": 0.6326530612244898,
      "recall": 0.4025974025974026,
      "f1-score": 0.49206349206349204,
      "support": 77.0
    },
    "95": {
      "precision": 0.24285714285714285,
      "recall": 0.3269230769230769,
      "f1-score": 0.2786885245901639,
      "support": 52.0
    },
    "accuracy": 0.5831305758313058,
    "macro avg": {
      "precision": 0.3316731218938592,
      "recall": 0.36206722984762746,
      "f1-score": 0.338413937296842,
      "support": 2466.0
    },
    "weighted avg": {
      "precision": 0.5088779567297583,
      "recall": 0.5831305758313058,
      "f1-score": 0.5371083505542198,
      "support": 2466.0
    }
  }
}