{
  "model": "Chronos + SVM",
  "accuracy": 0.6618004866180048,
  "f1_weighted": 0.6103333461967894,
  "feature_dim": 9216,
  "training_seconds": 50.83541917800903,
  "report": {
    "15": {
      "precision": 0.8,
      "recall": 0.3870967741935484,
      "f1-score": 0.5217391304347826,
      "support": 124.0
    },
    "16": {
      "precision": 0.9055944055944056,
      "recall": 0.9592592592592593,
      "f1-score": 0.9316546762589928,
      "support": 270.0
    },
    "42": {
      "precision": 0.5043731778425656,
      "recall": 0.45287958115183247,
      "f1-score": 0.4772413793103448,
      "support": 382.0
    },
    "52": {
      "precision": 0.0,
      "recall": 0.0,
      "f1-score": 0.0,
      "support": 63.0
    },
    "53": {
      "precision": 0.0,
      "recall": 0.0,
      "f1-score": 0.0,
      "support": 7.0
    },
    "6": {
      "precision": 1.0,
      "recall": 0.08571428571428572,
      "f1-score": 0.15789473684210525,
      "support": 35.0
    },
    "62": {
      "precision": 0.42105263157894735,
      "recall": 0.10457516339869281,
      "f1-score": 0.16753926701570682,
      "support": 153.0
    },
    "64": {
      "precision": 0.0,
      "recall": 0.0,
      "f1-score": 0.0,
      "support": 24.0
    },
    "65": {
      "precision": 0.7185792349726776,
      "recall": 0.8402555910543131,
      "f1-score": 0.7746686303387335,
      "support": 313.0
    },
    "67": {
      "precision": 0.0,
      "recall": 0.0,
      "f1-score": 0.0,
      "support": 68.0
    },
    "88": {
      "precision": 0.912,
      "recall": 0.9421487603305785,
      "f1-score": 0.926829268292683,
      "support": 121.0
    },
    "90": {
      "precision": 0.5930331350892099,
      "recall": 0.8983268983268984,
      "f1-score": 0.714431934493347,
      "support": 777.0
    },
    "92": {
      "precision": 0.859375,
      "recall": 0.7142857142857143,
      "f1-score": 0.7801418439716312,
      "support": 77.0
    },
    "95": {
      "precision": 0.75,
      "recall": 0.057692307692307696,
      "f1-score": 0.10714285714285714,
      "support": 52.0
    },
    "accuracy": 0.6618004866180048,
    "macro avg": {
      "precision": 0.533143398934129,
      "recall": 0.3887310239576736,
      "f1-score": 0.397091694578656,
      "support": 2466.0
    },
    "weighted avg": {
      "precision": 0.6232879227853579,
      "recall": 0.6618004866180048,
      "f1-score": 0.6103333461967894,
      "support": 2466.0
    }
  }
}