{
  "BaselineFCN": {
    "accuracy": 0.5831305758313058,
    "f1_weighted": 0.5371083505542198
  },
  "Chronos + SVM": {
    "accuracy": 0.6618004866180048,
    "f1_weighted": 0.6103333461967894
  }
}