{
  "train_loss": [
    2.8560677617788315,
    2.6751118898391724,
    2.4829929172992706,
    2.3525307327508926,
    2.2454534843564034,
    2.158645026385784,
    2.0686788596212864,
    1.9938107207417488,
    1.9047262333333492,
    1.849169548600912,
    1.7771472856402397,
    1.6930982694029808,
    1.6370712369680405,
    1.5639639981091022,
    1.50341971591115,
    1.4343519024550915,
    1.36689780279994,
    1.3158487603068352,
    1.2677755914628506,
    1.2186530530452728,
    1.1808876506984234,
    1.1428422816097736,
    1.1175495386123657,
    1.0943726487457752,
    1.083532277494669,
    1.067465053871274,
    1.053165890276432,
    1.0444546919316053,
    1.0458504166454077,
    1.0253077130764723,
    1.0222820155322552,
    1.0132514163851738,
    1.011830748990178,
    1.0015922598540783,
    0.9871817231178284,
    0.9908591732382774,
    0.9888644758611917,
    0.9790711272507906,
    0.9779312536120415,
    0.9704464226961136,
    0.969999061897397,
    0.9757440723478794,
    0.9692092686891556,
    0.9722123760730028,
    0.9626219402998686,
    0.9643973186612129,
    0.9708237834274769
  ],
  "val_loss": [
    2.5464819272359214,
    2.257295330365499,
    2.0221132238705954,
    1.8240992824236553,
    1.7090632716814678,
    1.6282740434010823,
    1.5928270022074382,
    1.5952648123105366,
    1.4427546461423237,
    1.4611718853314717,
    1.4336265126864116,
    1.5168826778729756,
    1.5478544036547344,
    1.6069459120432537,
    1.5995158155759175,
    1.549370249112447,
    1.7707820733388264,
    1.8126424352327983,
    1.5633208354314168,
    1.4863357345263164,
    1.604501227537791,
    1.8785661061604817,
    1.628665288289388,
    2.0093377033869424,
    1.834080994129181,
    1.7554558118184407,
    2.1152244210243225,
    2.1651922464370728,
    2.8057074546813965,
    1.7237035036087036,
    1.9821303288141887,
    1.686554491519928,
    1.754418392976125,
    2.100988487402598,
    2.1117934783299765,
    1.8123571674029033,
    1.8076444268226624,
    2.0949391523996987,
    1.8913894295692444,
    1.9692938923835754,
    2.4295296669006348,
    1.9048702518145244,
    2.4676629304885864,
    1.8535818656285603,
    1.7626516620318096,
    2.293758829434713,
    1.9464312593142192
  ],
  "val_acc": [
    0.23369565217391305,
    0.3423913043478261,
    0.43478260869565216,
    0.5516304347826086,
    0.5788043478260869,
    0.5434782608695652,
    0.5896739130434783,
    0.5461956521739131,
    0.6005434782608695,
    0.5842391304347826,
    0.5679347826086957,
    0.532608695652174,
    0.5,
    0.5,
    0.4782608695652174,
    0.47282608695652173,
    0.41847826086956524,
    0.41032608695652173,
    0.5054347826086957,
    0.5896739130434783,
    0.5516304347826086,
    0.41032608695652173,
    0.5543478260869565,
    0.3695652173913043,
    0.43478260869565216,
    0.49728260869565216,
    0.4320652173913043,
    0.38858695652173914,
    0.2554347826086957,
    0.49728260869565216,
    0.3967391304347826,
    0.5217391304347826,
    0.5407608695652174,
    0.3804347826086957,
    0.39402173913043476,
    0.4891304347826087,
    0.5081521739130435,
    0.41304347826086957,
    0.46467391304347827,
    0.46195652173913043,
    0.328804347826087,
    0.483695652173913,
    0.29891304347826086,
    0.49728260869565216,
    0.5108695652173914,
    0.41032608695652173,
    0.4782608695652174
  ],
  "val_f1": [
    0.14769510337723332,
    0.2906271120563961,
    0.3902985062952116,
    0.4907704027451134,
    0.5136327411339591,
    0.5039551056291787,
    0.5479606779824627,
    0.4906507637771554,
    0.5452866713315874,
    0.5419423411580899,
    0.522173944160641,
    0.49474713718894564,
    0.5073713603057981,
    0.5156377814895898,
    0.4743696928441814,
    0.49372159669097665,
    0.38220367551741846,
    0.3860325075378562,
    0.4876661050636726,
    0.5464032966282595,
    0.5324102548303312,
    0.40866896571819844,
    0.508444107666723,
    0.3940892918068438,
    0.4235521225325124,
    0.4862786052790315,
    0.443323967333238,
    0.38849022928113713,
    0.2700587562305001,
    0.4963240167315179,
    0.4236225378781611,
    0.5056342791794899,
    0.5190203295720253,
    0.42049913387180754,
    0.39786534098308207,
    0.4887334475764096,
    0.5063590299192268,
    0.447201085585037,
    0.4759044952750029,
    0.4721537600398865,
    0.3413589314775609,
    0.4904915168496375,
    0.3580207699713154,
    0.46626454475561835,
    0.504077316689005,
    0.3896339194905146,
    0.5045276172925375
  ]
}